INSERT INTO `clients` (`created_by`, `creation_date`, `last_modified_by`, `last_modified_date`, `id`, `first_name`, `last_name`, `gender`, `birth_date`, `phone_number`, `email`, `active`) VALUES ('SuperUser', CURRENT_TIMESTAMP, 'SuperUser', CURRENT_TIMESTAMP, 5, 'Ly', 'Lotherington', 'Male', STR_TO_DATE('17-11-1996', '%d-%m-%Y'), '124-104-7181', 'llotherington4@wikipedia.org', true);
INSERT INTO `clients` (`created_by`, `creation_date`, `last_modified_by`, `last_modified_date`, `id`, `first_name`, `last_name`, `gender`, `birth_date`, `phone_number`, `email`, `active`) VALUES ('SuperUser', CURRENT_TIMESTAMP, 'SuperUser', CURRENT_TIMESTAMP, 6, 'Thomasa', 'Feechum', 'Female', STR_TO_DATE('16-07-1973', '%d-%m-%Y'), '261-676-6376', 'tfeechum5@posterous.com', true);
INSERT INTO `clients` (`created_by`, `creation_date`, `last_modified_by`, `last_modified_date`, `id`, `first_name`, `last_name`, `gender`, `birth_date`, `phone_number`, `email`, `active`) VALUES ('SuperUser', CURRENT_TIMESTAMP, 'SuperUser', CURRENT_TIMESTAMP, 7, 'Carina', 'Toffanini', 'Female', STR_TO_DATE('07-12-1976', '%d-%m-%Y'), '847-209-2920', 'etoffanini6@twitter.com', true);
INSERT INTO `clients` (`created_by`, `creation_date`, `last_modified_by`, `last_modified_date`, `id`, `first_name`, `last_name`, `gender`, `birth_date`, `phone_number`, `email`, `active`) VALUES ('SuperUser', CURRENT_TIMESTAMP, 'SuperUser', CURRENT_TIMESTAMP, 8, 'Serhii', 'Belmont', 'Male', STR_TO_DATE('29-12-1991', '%d-%m-%Y'), '653-323-4324', 'cbelmont7@answers.com', true);
INSERT INTO `clients` (`created_by`, `creation_date`, `last_modified_by`, `last_modified_date`, `id`, `first_name`, `last_name`, `gender`, `birth_date`, `phone_number`, `email`, `active`) VALUES ('SuperUser', CURRENT_TIMESTAMP, 'SuperUser', CURRENT_TIMESTAMP, 9, 'Lorne', 'Reis', 'Male', STR_TO_DATE('07-02-2004', '%d-%m-%Y'), '846-578-0662', 'cbelmont7@answers.com', true);
INSERT INTO `clients` (`created_by`, `creation_date`, `last_modified_by`, `last_modified_date`, `id`, `first_name`, `last_name`, `gender`, `birth_date`, `phone_number`, `email`, `active`) VALUES ('SuperUser', CURRENT_TIMESTAMP, 'SuperUser', CURRENT_TIMESTAMP, 10, 'Griselda', 'Winspeare', 'Female', STR_TO_DATE('21-11-1971', '%d-%m-%Y'), '155-846-2959', 'gwinspeare9@businessinsider.com', true);
INSERT INTO `clients` (`created_by`, `creation_date`, `last_modified_by`, `last_modified_date`, `id`, `first_name`, `last_name`, `gender`, `birth_date`, `phone_number`, `email`, `active`) VALUES ('SuperUser', CURRENT_TIMESTAMP, 'SuperUser', CURRENT_TIMESTAMP, 11, 'Broomhilda', 'Winspeare', 'Female', STR_TO_DATE('21-11-1971', '%d-%m-%Y'), '342-567-456', 'bwinspeare9@businessinsider.com', true);
INSERT INTO `clients` (`created_by`, `creation_date`, `last_modified_by`, `last_modified_date`, `id`, `first_name`, `last_name`, `gender`, `birth_date`, `phone_number`, `email`, `active`) VALUES ('SuperUser', CURRENT_TIMESTAMP, 'SuperUser', CURRENT_TIMESTAMP, 12, 'Jisquet', 'Augmenti', 'Female', STR_TO_DATE('4-08-1990', '%d-%m-%Y'), '678-244-333', 'notreda9@gmail.com', true);
INSERT INTO `clients` (`created_by`, `creation_date`, `last_modified_by`, `last_modified_date`, `id`, `first_name`, `last_name`, `gender`, `birth_date`, `phone_number`, `email`, `active`) VALUES ('SuperUser', CURRENT_TIMESTAMP, 'SuperUser', CURRENT_TIMESTAMP, 13, 'Vitaliy', 'Golomozuy', 'Male', STR_TO_DATE('09-09-1975', '%d-%m-%Y'), '890-244-33-83', 'mailvital@gmail.com', true);
INSERT INTO `clients` (`created_by`, `creation_date`, `last_modified_by`, `last_modified_date`, `id`, `first_name`, `last_name`, `gender`, `birth_date`, `phone_number`, `email`, `active`) VALUES ('SuperUser', CURRENT_TIMESTAMP, 'SuperUser', CURRENT_TIMESTAMP, 14, 'Hannah', 'Montana', 'Female', STR_TO_DATE('06-09-1975', '%d-%m-%Y'), '890-2675-33-63', 'hannahm@gmail.com', true);
INSERT INTO `clients` (`created_by`, `creation_date`, `last_modified_by`, `last_modified_date`, `id`, `first_name`, `last_name`, `gender`, `birth_date`, `phone_number`, `email`, `active`) VALUES ('SuperUser', CURRENT_TIMESTAMP, 'SuperUser', CURRENT_TIMESTAMP, 15, 'Yolanda', 'Squatpump', 'Female', STR_TO_DATE('05-11-1995', '%d-%m-%Y'), '8567-244-367-80', 'yosquat@gmail.com', true);
INSERT INTO `clients` (`created_by`, `creation_date`, `last_modified_by`, `last_modified_date`, `id`, `first_name`, `last_name`, `gender`, `birth_date`, `phone_number`, `email`, `active`) VALUES ('SuperUser', CURRENT_TIMESTAMP, 'SuperUser', CURRENT_TIMESTAMP, 16, 'Park', 'Jurassic', 'Male', STR_TO_DATE('04-03-1996', '%d-%m-%Y'), '890-244-33-83', 'kma@gmail.com', true);
INSERT INTO `clients` (`created_by`, `creation_date`, `last_modified_by`, `last_modified_date`, `id`, `first_name`, `last_name`, `gender`, `birth_date`, `phone_number`, `email`, `active`) VALUES ('SuperUser', CURRENT_TIMESTAMP, 'SuperUser', CURRENT_TIMESTAMP, 17, 'Chichi', 'Diem', 'Male', STR_TO_DATE('01-12-1986', '%d-%m-%Y'), '908-244-83', 'chidiem@gmail.com', true);
INSERT INTO `clients` (`created_by`, `creation_date`, `last_modified_by`, `last_modified_date`, `id`, `first_name`, `last_name`, `gender`, `birth_date`, `phone_number`, `email`, `active`) VALUES ('SuperUser', CURRENT_TIMESTAMP, 'SuperUser', CURRENT_TIMESTAMP, 18, 'Iggy', 'Azalea', 'Female', STR_TO_DATE('02-04-1976', '%d-%m-%Y'), '675-344-6', 'iggye@gmail.com', true);
INSERT INTO `clients` (`created_by`, `creation_date`, `last_modified_by`, `last_modified_date`, `id`, `first_name`, `last_name`, `gender`, `birth_date`, `phone_number`, `email`, `active`) VALUES ('SuperUser', CURRENT_TIMESTAMP, 'SuperUser', CURRENT_TIMESTAMP, 19, 'Elixyvett', 'Bella', 'Male', STR_TO_DATE('31-12-1998', '%d-%m-%Y'), '48-354-900', 'mrelix@gmail.com', true);
INSERT INTO `clients` (`created_by`, `creation_date`, `last_modified_by`, `last_modified_date`, `id`, `first_name`, `last_name`, `gender`, `birth_date`, `phone_number`, `email`, `active`) VALUES ('SuperUser', CURRENT_TIMESTAMP, 'SuperUser', CURRENT_TIMESTAMP, 20, 'Gwendolyn', 'Idalah', 'Female', STR_TO_DATE('27-02-1971', '%d-%m-%Y'), '890-198-042', 'gven68@gmail.com', true);
INSERT INTO `clients` (`created_by`, `creation_date`, `last_modified_by`, `last_modified_date`, `id`, `first_name`, `last_name`, `gender`, `birth_date`, `phone_number`, `email`, `active`) VALUES ('SuperUser', CURRENT_TIMESTAMP, 'SuperUser', CURRENT_TIMESTAMP, 21, 'Almond', 'Milk', 'Male', STR_TO_DATE('27-02-1971', '%d-%m-%Y'), '43-165-005', 'almonde68@gmail.com', true);
INSERT INTO `clients` (`created_by`, `creation_date`, `last_modified_by`, `last_modified_date`, `id`, `first_name`, `last_name`, `gender`, `birth_date`, `phone_number`, `email`, `active`) VALUES ('SuperUser', CURRENT_TIMESTAMP, 'SuperUser', CURRENT_TIMESTAMP, 22, 'Bonanza', 'Alfonzo', 'Male', STR_TO_DATE('18-05-1977', '%d-%m-%Y'), '433-111-000', 'bonanzo68@gmail.com', true);
INSERT INTO `clients` (`created_by`, `creation_date`, `last_modified_by`, `last_modified_date`, `id`, `first_name`, `last_name`, `gender`, `birth_date`, `phone_number`, `email`, `active`) VALUES ('SuperUser', CURRENT_TIMESTAMP, 'SuperUser', CURRENT_TIMESTAMP, 23, 'Boo', 'Hoo', 'Male', STR_TO_DATE('19-07-1978', '%d-%m-%Y'), '673-911-050', 'boohoohoo@yahoo.com', true);
INSERT INTO `clients` (`created_by`, `creation_date`, `last_modified_by`, `last_modified_date`, `id`, `first_name`, `last_name`, `gender`, `birth_date`, `phone_number`, `email`, `active`) VALUES ('SuperUser', CURRENT_TIMESTAMP, 'SuperUser', CURRENT_TIMESTAMP, 24, 'Byrd', 'Cadence', 'Male', STR_TO_DATE('22-08-1988', '%d-%m-%Y'), '098-911-050-67', 'byrd@yahoo.com', true);
INSERT INTO `clients` (`created_by`, `creation_date`, `last_modified_by`, `last_modified_date`, `id`, `first_name`, `last_name`, `gender`, `birth_date`, `phone_number`, `email`, `active`) VALUES ('SuperUser', CURRENT_TIMESTAMP, 'SuperUser', CURRENT_TIMESTAMP, 25, 'Cinnamon', 'Roll', 'Female', STR_TO_DATE('23-09-1989', '%d-%m-%Y'), '096-990-07-07', 'cinnabon@yahoo.com', true);
INSERT INTO `clients` (`created_by`, `creation_date`, `last_modified_by`, `last_modified_date`, `id`, `first_name`, `last_name`, `gender`, `birth_date`, `phone_number`, `email`, `active`) VALUES ('SuperUser', CURRENT_TIMESTAMP, 'SuperUser', CURRENT_TIMESTAMP, 26, 'Asmund', 'Jukanpoika', 'Male', STR_TO_DATE('24-10-1990', '%d-%m-%Y'), '096-988-70-32', 'yukaona@yahoo.com', true);
INSERT INTO `clients` (`created_by`, `creation_date`, `last_modified_by`, `last_modified_date`, `id`, `first_name`, `last_name`, `gender`, `birth_date`, `phone_number`, `email`, `active`) VALUES ('SuperUser', CURRENT_TIMESTAMP, 'SuperUser', CURRENT_TIMESTAMP, 27, 'Gandalf', 'Grey', 'Male', STR_TO_DATE('25-11-1988', '%d-%m-%Y'), '096-123-45-67', 'fellowship@yahoo.com', true);
INSERT INTO `clients` (`created_by`, `creation_date`, `last_modified_by`, `last_modified_date`, `id`, `first_name`, `last_name`, `gender`, `birth_date`, `phone_number`, `email`, `active`) VALUES ('SuperUser', CURRENT_TIMESTAMP, 'SuperUser', CURRENT_TIMESTAMP, 28, 'Helga', 'Yari', 'Female', STR_TO_DATE('26-12-1998', '%d-%m-%Y'), '096-19-44-66', 'hellga@yahoo.com', true);
INSERT INTO `clients` (`created_by`, `creation_date`, `last_modified_by`, `last_modified_date`, `id`, `first_name`, `last_name`, `gender`, `birth_date`, `phone_number`, `email`, `active`) VALUES ('SuperUser', CURRENT_TIMESTAMP, 'SuperUser', CURRENT_TIMESTAMP, 29, 'Death', 'Star', 'Female', STR_TO_DATE('27-01-1971', '%d-%m-%Y'), '07-2345-4-65', 'starwar@yahoo.com', true);
INSERT INTO `clients` (`created_by`, `creation_date`, `last_modified_by`, `last_modified_date`, `id`, `first_name`, `last_name`, `gender`, `birth_date`, `phone_number`, `email`, `active`) VALUES ('SuperUser', CURRENT_TIMESTAMP, 'SuperUser', CURRENT_TIMESTAMP, 30, 'Hodor', 'Hodor', 'Male', STR_TO_DATE('28-02-1972', '%d-%m-%Y'), '07-123-98-54', 'hodorhodor@yahoo.com', true);

INSERT INTO `packages` (`created_by`, `creation_date`, `last_modified_by`, `last_modified_date`, `id`, `title`, `term`, `price`, `freeze_times`, `freeze_days`, `freeze_min_term`, `access_without_card_times_limit`, `auto_activate_after_days`, `guest_visits`, `open_date_allowed`, `users_min`, `limit_visit_time`, `visit_time`, `limit_additional_services`, `limit_usage_by_payment_percentage`, `active`, `purchasable`) VALUES ('SuperUser', CURRENT_TIMESTAMP, 'SuperUser', CURRENT_TIMESTAMP, 1, 'Classic', 2, 15000, 2, 20, 20, 2, 10, 1, true, true, true, 100, false, true, true, true);
INSERT INTO `packages` (`created_by`, `creation_date`, `last_modified_by`, `last_modified_date`, `id`, `title`, `term`, `price`, `freeze_times`, `freeze_days`, `freeze_min_term`, `access_without_card_times_limit`, `auto_activate_after_days`, `guest_visits`, `open_date_allowed`, `users_min`, `limit_visit_time`, `visit_time`, `limit_additional_services`, `limit_usage_by_payment_percentage`, `active`, `purchasable`) VALUES ('SuperUser', CURRENT_TIMESTAMP, 'SuperUser', CURRENT_TIMESTAMP, 2, 'Classic-Morning', 1, 10000, 2, 20, 20, 2, 10, 1, true, true, true, 100, false, true, true, true);
INSERT INTO `packages` (`created_by`, `creation_date`, `last_modified_by`, `last_modified_date`, `id`, `title`, `term`, `price`, `freeze_times`, `freeze_days`, `freeze_min_term`, `access_without_card_times_limit`, `auto_activate_after_days`, `guest_visits`, `open_date_allowed`, `users_min`, `limit_visit_time`, `visit_time`, `limit_additional_services`, `limit_usage_by_payment_percentage`, `active`, `purchasable`) VALUES ('SuperUser', CURRENT_TIMESTAMP, 'SuperUser', CURRENT_TIMESTAMP, 3, 'Classic-Platinum', 5, 20000, 2, 20, 20, 2, 10, 1, true, true, true, 100, false, true, true, true);

INSERT INTO `contracts` (`created_by`, `creation_date`, `last_modified_by`, `last_modified_date`, `id`, `start_date`, `end_date`, `credit`, `active`, `client_id`, `package_id`) VALUES ('SuperUser', CURRENT_TIMESTAMP, 'SuperUser', CURRENT_TIMESTAMP, 1, STR_TO_DATE('01-10-2018', '%d-%m-%Y'), STR_TO_DATE('01-10-2019', '%d-%m-%Y'), 10000, true , 1, 2);
INSERT INTO `contracts` (`created_by`, `creation_date`, `last_modified_by`, `last_modified_date`, `id`, `start_date`, `end_date`, `credit`, `active`, `client_id`, `package_id`) VALUES ('SuperUser', CURRENT_TIMESTAMP, 'SuperUser', CURRENT_TIMESTAMP, 2, STR_TO_DATE('30-11-2018', '%d-%m-%Y'), STR_TO_DATE('30-11-2019', '%d-%m-%Y'), 10000, true , 1, 3);
INSERT INTO `contracts` (`created_by`, `creation_date`, `last_modified_by`, `last_modified_date`, `id`, `start_date`, `end_date`, `credit`, `active`, `client_id`, `package_id`) VALUES ('SuperUser', CURRENT_TIMESTAMP, 'SuperUser', CURRENT_TIMESTAMP, 3, STR_TO_DATE('03-08-2018', '%d-%m-%Y'), STR_TO_DATE('03-08-2019', '%d-%m-%Y'), 10000, true , 2, 2);
INSERT INTO `contracts` (`created_by`, `creation_date`, `last_modified_by`, `last_modified_date`, `id`, `start_date`, `end_date`, `credit`, `active`, `client_id`, `package_id`) VALUES ('SuperUser', CURRENT_TIMESTAMP, 'SuperUser', CURRENT_TIMESTAMP, 4, STR_TO_DATE('05-07-2018', '%d-%m-%Y'), STR_TO_DATE('05-07-2019', '%d-%m-%Y'), 10000, true , 3, 2);
INSERT INTO `contracts` (`created_by`, `creation_date`, `last_modified_by`, `last_modified_date`, `id`, `start_date`, `end_date`, `credit`, `active`, `client_id`, `package_id`) VALUES ('SuperUser', CURRENT_TIMESTAMP, 'SuperUser', CURRENT_TIMESTAMP, 5, STR_TO_DATE('13-06-2018', '%d-%m-%Y'), STR_TO_DATE('13-06-2019', '%d-%m-%Y'), 10000, true , 4, 2);
INSERT INTO `contracts` (`created_by`, `creation_date`, `last_modified_by`, `last_modified_date`, `id`, `start_date`, `end_date`, `credit`, `active`, `client_id`, `package_id`) VALUES ('SuperUser', CURRENT_TIMESTAMP, 'SuperUser', CURRENT_TIMESTAMP, 6, STR_TO_DATE('21-05-2018', '%d-%m-%Y'), STR_TO_DATE('21-05-2019', '%d-%m-%Y'), 10000, true , 5, 2);
INSERT INTO `contracts` (`created_by`, `creation_date`, `last_modified_by`, `last_modified_date`, `id`, `start_date`, `end_date`, `credit`, `active`, `client_id`, `package_id`) VALUES ('SuperUser', CURRENT_TIMESTAMP, 'SuperUser', CURRENT_TIMESTAMP, 7, STR_TO_DATE('19-05-2018', '%d-%m-%Y'), STR_TO_DATE('19-05-2019', '%d-%m-%Y'), 10000, true , 6, 2);
INSERT INTO `contracts` (`created_by`, `creation_date`, `last_modified_by`, `last_modified_date`, `id`, `start_date`, `end_date`, `credit`, `active`, `client_id`, `package_id`) VALUES ('SuperUser', CURRENT_TIMESTAMP, 'SuperUser', CURRENT_TIMESTAMP, 8, STR_TO_DATE('05-05-2018', '%d-%m-%Y'), STR_TO_DATE('05-05-2019', '%d-%m-%Y'), 10000, true , 7, 2);
INSERT INTO `contracts` (`created_by`, `creation_date`, `last_modified_by`, `last_modified_date`, `id`, `start_date`, `end_date`, `credit`, `active`, `client_id`, `package_id`) VALUES ('SuperUser', CURRENT_TIMESTAMP, 'SuperUser', CURRENT_TIMESTAMP, 9, STR_TO_DATE('29-04-2018', '%d-%m-%Y'), STR_TO_DATE('29-04-2019', '%d-%m-%Y'), 10000, true , 8, 2);
INSERT INTO `contracts` (`created_by`, `creation_date`, `last_modified_by`, `last_modified_date`, `id`, `start_date`, `end_date`, `credit`, `active`, `client_id`, `package_id`) VALUES ('SuperUser', CURRENT_TIMESTAMP, 'SuperUser', CURRENT_TIMESTAMP, 10, STR_TO_DATE('03-04-2018', '%d-%m-%Y'), STR_TO_DATE('03-04-2019', '%d-%m-%Y'), 10000, true , 9, 2);
INSERT INTO `contracts` (`created_by`, `creation_date`, `last_modified_by`, `last_modified_date`, `id`, `start_date`, `end_date`, `credit`, `active`, `client_id`, `package_id`) VALUES ('SuperUser', CURRENT_TIMESTAMP, 'SuperUser', CURRENT_TIMESTAMP, 11, STR_TO_DATE('01-03-2018', '%d-%m-%Y'), STR_TO_DATE('01-03-2019', '%d-%m-%Y'), 10000, true , 9, 3);

INSERT INTO `cards` (`created_by`, `creation_date`, `last_modified_by`, `last_modified_date`, `id`, `card_code`, `card_active`, `contract_id`) VALUES ('SuperUser', CURRENT_TIMESTAMP, 'SuperUser', CURRENT_TIMESTAMP, 1, '999666555123', true, 1);
INSERT INTO `cards` (`created_by`, `creation_date`, `last_modified_by`, `last_modified_date`, `id`, `card_code`, `card_active`, `contract_id`) VALUES ('SuperUser', CURRENT_TIMESTAMP, 'SuperUser', CURRENT_TIMESTAMP, 2, '999777856412', true, 2);
INSERT INTO `cards` (`created_by`, `creation_date`, `last_modified_by`, `last_modified_date`, `id`, `card_code`, `card_active`, `contract_id`) VALUES ('SuperUser', CURRENT_TIMESTAMP, 'SuperUser', CURRENT_TIMESTAMP, 3, '999888775784', true, 3);
INSERT INTO `cards` (`created_by`, `creation_date`, `last_modified_by`, `last_modified_date`, `id`, `card_code`, `card_active`, `contract_id`) VALUES ('SuperUser', CURRENT_TIMESTAMP, 'SuperUser', CURRENT_TIMESTAMP, 4, '999888845769', true, 4);
INSERT INTO `cards` (`created_by`, `creation_date`, `last_modified_by`, `last_modified_date`, `id`, `card_code`, `card_active`, `contract_id`) VALUES ('SuperUser', CURRENT_TIMESTAMP, 'SuperUser', CURRENT_TIMESTAMP, 5, '999889632542', true, 5);
INSERT INTO `cards` (`created_by`, `creation_date`, `last_modified_by`, `last_modified_date`, `id`, `card_code`, `card_active`, `contract_id`) VALUES ('SuperUser', CURRENT_TIMESTAMP, 'SuperUser', CURRENT_TIMESTAMP, 6, '999123548654', true, 6);
INSERT INTO `cards` (`created_by`, `creation_date`, `last_modified_by`, `last_modified_date`, `id`, `card_code`, `card_active`, `contract_id`) VALUES ('SuperUser', CURRENT_TIMESTAMP, 'SuperUser', CURRENT_TIMESTAMP, 7, '999447856951', true, 7);
INSERT INTO `cards` (`created_by`, `creation_date`, `last_modified_by`, `last_modified_date`, `id`, `card_code`, `card_active`, `contract_id`) VALUES ('SuperUser', CURRENT_TIMESTAMP, 'SuperUser', CURRENT_TIMESTAMP, 8, '999667769814', true, 8);
INSERT INTO `cards` (`created_by`, `creation_date`, `last_modified_by`, `last_modified_date`, `id`, `card_code`, `card_active`, `contract_id`) VALUES ('SuperUser', CURRENT_TIMESTAMP, 'SuperUser', CURRENT_TIMESTAMP, 9, '999660985692', true, 9);
INSERT INTO `cards` (`created_by`, `creation_date`, `last_modified_by`, `last_modified_date`, `id`, `card_code`, `card_active`, `contract_id`) VALUES ('SuperUser', CURRENT_TIMESTAMP, 'SuperUser', CURRENT_TIMESTAMP, 10, '999666990557', true, 10);
INSERT INTO `cards` (`created_by`, `creation_date`, `last_modified_by`, `last_modified_date`, `id`, `card_code`, `card_active`, `contract_id`) VALUES ('SuperUser', CURRENT_TIMESTAMP, 'SuperUser', CURRENT_TIMESTAMP, 11, '999122895338', true, 11);

INSERT INTO `service_categories` (`created_by`, `creation_date`, `last_modified_by`, `last_modified_date`, `id`, `title`, `active`) VALUES ('SuperUser', CURRENT_TIMESTAMP, 'SuperUser', CURRENT_TIMESTAMP, 1, 'SPA', true);
INSERT INTO `service_categories` (`created_by`, `creation_date`, `last_modified_by`, `last_modified_date`, `id`, `title`, `active`) VALUES ('SuperUser', CURRENT_TIMESTAMP, 'SuperUser', CURRENT_TIMESTAMP, 2, 'YOGA', true);
INSERT INTO `service_categories` (`created_by`, `creation_date`, `last_modified_by`, `last_modified_date`, `id`, `title`, `active`) VALUES ('SuperUser', CURRENT_TIMESTAMP, 'SuperUser', CURRENT_TIMESTAMP, 3, 'BAR', true);
INSERT INTO `service_categories` (`created_by`, `creation_date`, `last_modified_by`, `last_modified_date`, `id`, `title`, `active`) VALUES ('SuperUser', CURRENT_TIMESTAMP, 'SuperUser', CURRENT_TIMESTAMP, 4, 'RECEPTION', true);
INSERT INTO `service_categories` (`created_by`, `creation_date`, `last_modified_by`, `last_modified_date`, `id`, `title`, `active`) VALUES ('SuperUser', CURRENT_TIMESTAMP, 'SuperUser', CURRENT_TIMESTAMP, 5, 'MEDICAL CABINET', true);
INSERT INTO `service_categories` (`created_by`, `creation_date`, `last_modified_by`, `last_modified_date`, `id`, `title`, `active`) VALUES ('SuperUser', CURRENT_TIMESTAMP, 'SuperUser', CURRENT_TIMESTAMP, 6, 'SOLARIUM', true);
INSERT INTO `service_categories` (`created_by`, `creation_date`, `last_modified_by`, `last_modified_date`, `id`, `title`, `active`) VALUES ('SuperUser', CURRENT_TIMESTAMP, 'SuperUser', CURRENT_TIMESTAMP, 7, 'FIGHT CLUB', true);
INSERT INTO `service_categories` (`created_by`, `creation_date`, `last_modified_by`, `last_modified_date`, `id`, `title`, `active`) VALUES ('SuperUser', CURRENT_TIMESTAMP, 'SuperUser', CURRENT_TIMESTAMP, 8, 'SWIMMING POOL', true);
INSERT INTO `service_categories` (`created_by`, `creation_date`, `last_modified_by`, `last_modified_date`, `id`, `title`, `active`) VALUES ('SuperUser', CURRENT_TIMESTAMP, 'SuperUser', CURRENT_TIMESTAMP, 9, 'GROUP TRAINING STUDIO', true);
INSERT INTO `service_categories` (`created_by`, `creation_date`, `last_modified_by`, `last_modified_date`, `id`, `title`, `active`) VALUES ('SuperUser', CURRENT_TIMESTAMP, 'SuperUser', CURRENT_TIMESTAMP, 10, 'WELLNESS STUDIO', true);
INSERT INTO `service_categories` (`created_by`, `creation_date`, `last_modified_by`, `last_modified_date`, `id`, `title`, `active`) VALUES ('SuperUser', CURRENT_TIMESTAMP, 'SuperUser', CURRENT_TIMESTAMP, 11, 'CYCLE STUDIO', true);
INSERT INTO `service_categories` (`created_by`, `creation_date`, `last_modified_by`, `last_modified_date`, `id`, `title`, `active`) VALUES ('SuperUser', CURRENT_TIMESTAMP, 'SuperUser', CURRENT_TIMESTAMP, 12, 'GYM', true);

INSERT INTO `services` (`created_by`, `creation_date`, `last_modified_by`, `last_modified_date`, `id`, `title`, `price`, `cost`, `unit`, `units_number`, `active`) VALUES ('SuperUser', CURRENT_TIMESTAMP, 'SuperUser', CURRENT_TIMESTAMP, 1, 'Total Body Workout', 200, 200, 'min', 55, true);
INSERT INTO `services` (`created_by`, `creation_date`, `last_modified_by`, `last_modified_date`, `id`, `title`, `price`, `cost`, `unit`, `units_number`, `active`) VALUES ('SuperUser', CURRENT_TIMESTAMP, 'SuperUser', CURRENT_TIMESTAMP, 2, 'Yoga', 200, 200, 'min', 55, true);
INSERT INTO `services` (`created_by`, `creation_date`, `last_modified_by`, `last_modified_date`, `id`, `title`, `price`, `cost`, `unit`, `units_number`, `active`) VALUES ('SuperUser', CURRENT_TIMESTAMP, 'SuperUser', CURRENT_TIMESTAMP, 3, 'Fly Yoga', 200, 200, 'min', 55, true);
INSERT INTO `services` (`created_by`, `creation_date`, `last_modified_by`, `last_modified_date`, `id`, `title`, `price`, `cost`, `unit`, `units_number`, `active`) VALUES ('SuperUser', CURRENT_TIMESTAMP, 'SuperUser', CURRENT_TIMESTAMP, 4, 'HIIT', 200, 200, 'min', 55, true);
INSERT INTO `services` (`created_by`, `creation_date`, `last_modified_by`, `last_modified_date`, `id`, `title`, `price`, `cost`, `unit`, `units_number`, `active`) VALUES ('SuperUser', CURRENT_TIMESTAMP, 'SuperUser', CURRENT_TIMESTAMP, 5, 'Medical examination', 200, 200, 'min', 55, true);
INSERT INTO `services` (`created_by`, `creation_date`, `last_modified_by`, `last_modified_date`, `id`, `title`, `price`, `cost`, `unit`, `units_number`, `active`) VALUES ('SuperUser', CURRENT_TIMESTAMP, 'SuperUser', CURRENT_TIMESTAMP, 6, 'Box', 200, 200, 'min', 55, true);
INSERT INTO `services` (`created_by`, `creation_date`, `last_modified_by`, `last_modified_date`, `id`, `title`, `price`, `cost`, `unit`, `units_number`, `active`) VALUES ('SuperUser', CURRENT_TIMESTAMP, 'SuperUser', CURRENT_TIMESTAMP, 7, 'Karate', 200, 200, 'min', 55, true);
INSERT INTO `services` (`created_by`, `creation_date`, `last_modified_by`, `last_modified_date`, `id`, `title`, `price`, `cost`, `unit`, `units_number`, `active`) VALUES ('SuperUser', CURRENT_TIMESTAMP, 'SuperUser', CURRENT_TIMESTAMP, 8, 'Aqua Aerobic', 200, 200, 'min', 55, true);
INSERT INTO `services` (`created_by`, `creation_date`, `last_modified_by`, `last_modified_date`, `id`, `title`, `price`, `cost`, `unit`, `units_number`, `active`) VALUES ('SuperUser', CURRENT_TIMESTAMP, 'SuperUser', CURRENT_TIMESTAMP, 9, 'Wellness consultation', 200, 200, 'min', 55, true);
INSERT INTO `services` (`created_by`, `creation_date`, `last_modified_by`, `last_modified_date`, `id`, `title`, `price`, `cost`, `unit`, `units_number`, `active`) VALUES ('SuperUser', CURRENT_TIMESTAMP, 'SuperUser', CURRENT_TIMESTAMP, 10, 'Meal plan', 200, 200, 'min', 55, true);
INSERT INTO `services` (`created_by`, `creation_date`, `last_modified_by`, `last_modified_date`, `id`, `title`, `price`, `cost`, `unit`, `units_number`, `active`) VALUES ('SuperUser', CURRENT_TIMESTAMP, 'SuperUser', CURRENT_TIMESTAMP, 11, 'Pilates', 200, 200, 'min', 55, true);
INSERT INTO `services` (`created_by`, `creation_date`, `last_modified_by`, `last_modified_date`, `id`, `title`, `price`, `cost`, `unit`, `units_number`, `active`) VALUES ('SuperUser', CURRENT_TIMESTAMP, 'SuperUser', CURRENT_TIMESTAMP, 12, 'Zumba', 200, 200, 'min', 55, true);
INSERT INTO `services` (`created_by`, `creation_date`, `last_modified_by`, `last_modified_date`, `id`, `title`, `price`, `cost`, `unit`, `units_number`, `active`) VALUES ('SuperUser', CURRENT_TIMESTAMP, 'SuperUser', CURRENT_TIMESTAMP, 13, 'Cycle', 200, 200, 'min', 55, true);
INSERT INTO `services` (`created_by`, `creation_date`, `last_modified_by`, `last_modified_date`, `id`, `title`, `price`, `cost`, `unit`, `units_number`, `active`) VALUES ('SuperUser', CURRENT_TIMESTAMP, 'SuperUser', CURRENT_TIMESTAMP, 14, 'Tanning', 200, 200, 'min', 55, true);
INSERT INTO `services` (`created_by`, `creation_date`, `last_modified_by`, `last_modified_date`, `id`, `title`, `price`, `cost`, `unit`, `units_number`, `active`) VALUES ('SuperUser', CURRENT_TIMESTAMP, 'SuperUser', CURRENT_TIMESTAMP, 15, 'Personal training', 200, 200, 'min', 55, true);
INSERT INTO `services` (`created_by`, `creation_date`, `last_modified_by`, `last_modified_date`, `id`, `title`, `price`, `cost`, `unit`, `units_number`, `active`) VALUES ('SuperUser', CURRENT_TIMESTAMP, 'SuperUser', CURRENT_TIMESTAMP, 16, 'TABATA', 200, 200, 'min', 55, true);
INSERT INTO `services` (`created_by`, `creation_date`, `last_modified_by`, `last_modified_date`, `id`, `title`, `price`, `cost`, `unit`, `units_number`, `active`) VALUES ('SuperUser', CURRENT_TIMESTAMP, 'SuperUser', CURRENT_TIMESTAMP, 17, 'Massage', 200, 200, 'min', 55, true);
INSERT INTO `services` (`created_by`, `creation_date`, `last_modified_by`, `last_modified_date`, `id`, `title`, `price`, `cost`, `unit`, `units_number`, `active`) VALUES ('SuperUser', CURRENT_TIMESTAMP, 'SuperUser', CURRENT_TIMESTAMP, 18, 'Skin treatment', 200, 200, 'min', 55, true);

INSERT INTO `services_service_categories` (`services_id`, `service_categories_id`) VALUES (17, 1);
INSERT INTO `services_service_categories` (`services_id`, `service_categories_id`) VALUES (18, 1);
INSERT INTO `services_service_categories` (`services_id`, `service_categories_id`) VALUES (2, 2);
INSERT INTO `services_service_categories` (`services_id`, `service_categories_id`) VALUES (3, 2);
INSERT INTO `services_service_categories` (`services_id`, `service_categories_id`) VALUES (1, 4);
INSERT INTO `services_service_categories` (`services_id`, `service_categories_id`) VALUES (2, 4);
INSERT INTO `services_service_categories` (`services_id`, `service_categories_id`) VALUES (3, 4);
INSERT INTO `services_service_categories` (`services_id`, `service_categories_id`) VALUES (5, 5);
INSERT INTO `services_service_categories` (`services_id`, `service_categories_id`) VALUES (14, 6);
INSERT INTO `services_service_categories` (`services_id`, `service_categories_id`) VALUES (6, 7);
INSERT INTO `services_service_categories` (`services_id`, `service_categories_id`) VALUES (7, 7);
INSERT INTO `services_service_categories` (`services_id`, `service_categories_id`) VALUES (8, 8);
INSERT INTO `services_service_categories` (`services_id`, `service_categories_id`) VALUES (4, 9);
INSERT INTO `services_service_categories` (`services_id`, `service_categories_id`) VALUES (11, 9);
INSERT INTO `services_service_categories` (`services_id`, `service_categories_id`) VALUES (12, 9);
INSERT INTO `services_service_categories` (`services_id`, `service_categories_id`) VALUES (16, 9);
INSERT INTO `services_service_categories` (`services_id`, `service_categories_id`) VALUES (1, 9);
INSERT INTO `services_service_categories` (`services_id`, `service_categories_id`) VALUES (9, 10);
INSERT INTO `services_service_categories` (`services_id`, `service_categories_id`) VALUES (17, 10);
INSERT INTO `services_service_categories` (`services_id`, `service_categories_id`) VALUES (13, 11);
INSERT INTO `services_service_categories` (`services_id`, `service_categories_id`) VALUES (15, 12);